<?xml version="1.0" encoding="UTF-8" standalone="yes"?>
<addon id="repository.addons4kodi" name="Addon4Kodi Repository" version="1.0" provider-name="A4K">
	<extension point="xbmc.addon.repository" name="Addons4Kodi Repository">
		<dir>
            <info compressed="false">https://raw.githubusercontent.com/a4k-openproject/repository.addons4kodi/master/zips/addons.xml</info>
            <checksum>https://raw.githubusercontent.com/a4k-openproject/repository.addons4kodi/master/zips/addons.xml.md5</checksum>
            <datadir zip="true">https://raw.githubusercontent.com/a4k-openproject/repository.addons4kodi/master/zips/</datadir>
        </dir>
		<dir>
			<info compressed="false">https://raw.githubusercontent.com/a4k-openproject/repository.openmeta/master/zips/addons.xml</info>
			<checksum>https://raw.githubusercontent.com/a4k-openproject/repository.openmeta/master/zips/addons.xml.md5</checksum>
			<datadir zip="true">https://raw.githubusercontent.com/a4k-openproject/repository.openmeta/master/zips/</datadir>
		</dir>
	</extension>
	<extension point="xbmc.addon.metadata">
		<summary>Addons4Kodi Repository</summary>
		<description>The official repo of /r/Addons4Kodi!.</description>
		<disclaimer></disclaimer>
		<platform>all</platform>
	</extension>
</addon>